Title,Price,Availability,Rating
A Light in the ...,£51.77,Available,Three
Tipping the Velvet,£53.74,Available,One
Soumission,£50.10,Available,One
Sharp Objects,£47.82,Available,Four
Sapiens: A Brief History ...,£54.23,Available,Five
The Requiem Red,£22.65,Available,One
The Dirty Little Secrets ...,£33.34,Available,Four
The Coming Woman: A ...,£17.93,Available,Three
The Boys in the ...,£22.60,Available,Four
The Black Maria,£52.15,Available,One
Starving Hearts (Triangular Trade ...,£13.99,Available,Two
Shakespeare's Sonnets,£20.66,Available,Four
Set Me Free,£17.46,Available,Five
Scott Pilgrim's Precious Little ...,£52.29,Available,Five
Rip it Up and ...,£35.02,Available,Five
Our Band Could Be ...,£57.25,Available,Three
Olio,£23.88,Available,One
Mesaerion: The Best Science ...,£37.59,Available,One
Libertarianism for Beginners,£51.33,Available,Two
It's Only the Himalayas,£45.17,Available,Two
In Her Wake,£12.84,Available,One
How Music Works,£37.32,Available,Two
Foolproof Preserving: A Guide ...,£30.52,Available,Three
Chase Me (Paris Nights ...,£25.27,Available,Five
Black Dust,£34.53,Available,Five
Birdsong: A Story in ...,£54.64,Available,Three
America's Cradle of Quarterbacks: ...,£22.50,Available,Three
Aladdin and His Wonderful ...,£53.13,Available,Three
Worlds Elsewhere: Journeys Around ...,£40.30,Available,Five
Wall and Piece,£44.18,Available,Four
The Four Agreements: A ...,£17.66,Available,Five
The Five Love Languages: ...,£31.05,Available,Three
The Elephant Tree,£23.82,Available,Five
The Bear and the ...,£36.89,Available,One
Sophie's World,£15.94,Available,Five
Penny Maybe,£33.29,Available,Three
Maude (1883-1993):She Grew Up ...,£18.02,Available,Two
"In a Dark, Dark ...",£19.63,Available,One
Behind Closed Doors,£52.22,Available,Four
You can't bury them ...,£33.63,Available,Two
Slow States of Collapse: ...,£57.31,Available,Three
Reasons to Stay Alive,£26.41,Available,Two
Private Paris (Private #10),£47.61,Available,Five
#HigherSelfie: Wake Up Your ...,£23.11,Available,Five
Without Borders (Wanderlove #1),£45.07,Available,Two
When We Collided,£31.77,Available,One
"We Love You, Charlie ...",£50.27,Available,Five
Untitled Collection: Sabbath Poems ...,£14.27,Available,Four
Unseen City: The Majesty ...,£44.18,Available,Four
Unicorn Tracks,£18.78,Available,Three
Unbound: How Eight Technologies ...,£25.52,Available,One
Tsubasa: WoRLD CHRoNiCLE 2 ...,£16.28,Available,One
Throwing Rocks at the ...,£31.12,Available,Three
This One Summer,£19.49,Available,Four
Thirst,£17.27,Available,Five
The Torch Is Passed: ...,£19.09,Available,One
The Secret of Dreadwillow ...,£56.13,Available,One
The Pioneer Woman Cooks: ...,£56.41,Available,One
The Past Never Ends,£56.50,Available,Four
The Natural History of ...,£45.22,Available,Three
The Nameless City (The ...,£38.16,Available,Four
The Murder That Never ...,£54.11,Available,Three
The Most Perfect Thing: ...,£42.96,Available,Four
The Mindfulness and Acceptance ...,£23.89,Available,Four
The Life-Changing Magic of ...,£16.77,Available,Three
The Inefficiency Assassin: Time ...,£20.59,Available,Five
The Gutsy Girl: Escapades ...,£37.13,Available,One
The Electric Pencil: Drawings ...,£56.06,Available,One
The Death of Humanity: ...,£58.11,Available,Four
The Bulletproof Diet: Lose ...,£49.05,Available,Three
The Art Forger,£40.76,Available,Three
The Age of Genius: ...,£19.73,Available,One
The Activist's Tao Te ...,£32.24,Available,Five
Spark Joy: An Illustrated ...,£41.83,Available,Four
Soul Reader,£39.58,Available,Two
Security,£39.25,Available,Two
"Saga, Volume 6 (Saga ...",£25.02,Available,Three
"Saga, Volume 5 (Saga ...",£51.04,Available,Two
Reskilling America: Learning to ...,£19.83,Available,Two
"Rat Queens, Vol. 3: ...",£50.40,Available,Three
"Princess Jellyfish 2-in-1 Omnibus, ...",£13.61,Available,Five
Princess Between Worlds (Wide-Awake ...,£13.34,Available,Five
"Pop Gun War, Volume ...",£18.97,Available,One
"Political Suicide: Missteps, Peccadilloes, ...",£36.28,Available,Two
Patience,£10.16,Available,Three
"Outcast, Vol. 1: A ...",£15.44,Available,Four
orange: The Complete Collection ...,£48.41,Available,One
Online Marketing for Busy ...,£46.35,Available,One
On a Midnight Clear,£14.07,Available,Three
Obsidian (Lux #1),£14.86,Available,Two
My Paris Kitchen: Recipes ...,£33.37,Available,Two
Masks and Shadows,£56.40,Available,Two
Mama Tried: Traditional Italian ...,£14.02,Available,Four
"Lumberjanes, Vol. 2: Friendship ...",£46.91,Available,Two
"Lumberjanes, Vol. 1: Beware ...",£45.61,Available,Three
Lumberjanes Vol. 3: A ...,£19.92,Available,Two
"Layered: Baking, Building, and ...",£40.11,Available,One
Judo: Seven Steps to ...,£53.90,Available,Two
Join,£35.67,Available,Five
In the Country We ...,£22.00,Available,Four
Immunity: How Elie Metchnikoff ...,£57.36,Available,Five
"I Hate Fairyland, Vol. ...",£29.17,Available,Two
I am a Hero ...,£54.63,Available,Three
How to Be Miserable: ...,£46.03,Available,One
Her Backup Boyfriend (The ...,£33.97,Available,One
"Giant Days, Vol. 2 ...",£22.11,Available,Two
Forever and Forever: The ...,£29.69,Available,Three
First and First (Five ...,£15.97,Available,Four
Fifty Shades Darker (Fifty ...,£21.96,Available,One
Everydata: The Misinformation Hidden ...,£54.35,Available,Two
Don't Be a Jerk: ...,£37.97,Available,Two
Danganronpa Volume 1,£51.99,Available,Four
Crown of Midnight (Throne ...,£43.29,Available,Three
"Codename Baboushka, Volume 1: ...",£36.72,Available,Four
Camp Midnight,£17.08,Available,Four
Call the Nurse: True ...,£29.14,Available,Five
Burning,£28.81,Available,Three
Bossypants,£49.46,Available,Two
"Bitch Planet, Vol. 1: ...",£37.92,Available,Two
Avatar: The Last Airbender: ...,£28.09,Available,Two
Algorithms to Live By: ...,£30.81,Available,One
A World of Flavor: ...,£42.95,Available,One
"A Piece of Sky, ...",£56.76,Available,Five
A Murder in Time,£16.64,Available,One
A Flight of Arrows ...,£55.53,Available,Five
A Fierce and Subtle ...,£28.13,Available,Four
A Court of Thorns ...,£52.37,Available,One
(Un)Qualified: How God Uses ...,£54.00,Available,Five
You Are What You ...,£21.87,Available,Four
William Shakespeare's Star Wars: ...,£43.30,Available,Four
Tuesday Nights in 1980,£21.04,Available,Two
Tracing Numbers on a ...,£41.60,Available,Three
Throne of Glass (Throne ...,£35.07,Available,Three
Thomas Jefferson and the ...,£59.64,Available,One
Thirteen Reasons Why,£52.72,Available,One
The White Cat and ...,£58.08,Available,Four
The Wedding Dress,£24.12,Available,One
The Vacationers,£42.15,Available,Four
The Third Wave: An ...,£12.61,Available,Five
The Stranger,£17.44,Available,Four
The Shadow Hero (The ...,£33.14,Available,One
The Secret (The Secret ...,£27.37,Available,Four
The Regional Office Is ...,£51.36,Available,Five
The Psychopath Test: A ...,£36.00,Available,Two
The Project,£10.65,Available,One
The Power of Now: ...,£43.54,Available,Two
The Omnivore's Dilemma: A ...,£38.21,Available,Two
The Nerdy Nummies Cookbook: ...,£37.34,Available,Five
The Murder of Roger ...,£44.10,Available,Four
The Mistake (Off-Campus #2),£43.29,Available,Three
The Matchmaker's Playbook (Wingmen ...,£55.85,Available,One
The Love and Lemons ...,£37.60,Available,Two
The Long Shadow of ...,£10.97,Available,One
The Kite Runner,£41.82,Available,Four
The House by the ...,£36.95,Available,One
The Glittering Court (The ...,£44.28,Available,One
The Girl on the ...,£55.02,Available,Two
The Genius of Birds,£17.24,Available,One
The Emerald Mystery,£23.15,Available,Two
The Cookies & Cups ...,£41.25,Available,One
The Bridge to Consciousness: ...,£32.00,Available,Three
The Artist's Way: A ...,£38.49,Available,Five
The Art of War,£33.34,Available,Five
The Argonauts,£10.93,Available,Two
The 10% Entrepreneur: Live ...,£27.55,Available,Three
Suddenly in Love (Lake ...,£55.99,Available,Two
Something More Than This,£16.24,Available,Four
Soft Apocalypse,£26.12,Available,Two
So You've Been Publicly ...,£12.23,Available,Two
Shoe Dog: A Memoir ...,£23.99,Available,Two
"Shobu Samurai, Project Aryoku ...",£29.06,Available,Three
Secrets and Lace (Fatal ...,£20.27,Available,One
Scarlett Epstein Hates It ...,£43.55,Available,Five
Romero and Juliet: A ...,£36.94,Available,One
Redeeming Love,£20.47,Available,Five
Poses for Artists Volume ...,£41.06,Available,One
Poems That Make Grown ...,£14.19,Available,Four
"Nightingale, Sing",£38.28,Available,One
Night Sky with Exit ...,£41.05,Available,One
Mrs. Houdini,£30.25,Available,Five
Modern Romance,£28.26,Available,Five
Miss Peregrine’s Home for ...,£10.76,Available,One
Louisa: The Extraordinary Life ...,£16.85,Available,Two
Little Red,£13.47,Available,Three
Library of Souls (Miss ...,£48.56,Available,Five
Large Print Heart of ...,£19.15,Available,Two
I Had a Nice ...,£57.36,Available,Four
Hollow City (Miss Peregrine’s ...,£42.98,Available,One
Grumbles,£22.16,Available,Two
Full Moon over Noah’s ...,£49.43,Available,Four
Frostbite (Vampire Academy #2),£29.99,Available,Five
Follow You Home,£21.36,Available,One
First Steps for New ...,£29.00,Available,One
Finders Keepers (Bill Hodges ...,£53.53,Available,Five
"Fables, Vol. 1: Legends ...",£41.62,Available,Four
Eureka Trivia 6.0,£54.59,Available,Four
Drive: The Surprising Truth ...,£34.95,Available,Four
Done Rubbed Out (Reightman ...,£37.72,Available,Five
Doing It Over (Most ...,£35.61,Available,Three
Deliciously Ella Every Day: ...,£42.16,Available,Three
Dark Notes,£19.19,Available,Five
Daring Greatly: How the ...,£19.43,Available,Three
Close to You,£49.46,Available,Four
Chasing Heaven: What Dying ...,£37.80,Available,Two
Big Magic: Creative Living ...,£30.80,Available,Three
Becoming Wise: An Inquiry ...,£27.43,Available,Two
Beauty Restored (Riley Family ...,£11.11,Available,Two
Batman: The Long Halloween ...,£36.50,Available,Two
Batman: The Dark Knight ...,£15.38,Available,Five
Ayumi's Violin,£15.48,Available,Two
Anonymous,£46.82,Available,Four
Amy Meets the Saints ...,£18.46,Available,Three
Amid the Chaos,£36.58,Available,One
Amatus,£50.54,Available,Five
Agnostic: A Spirited Manifesto,£12.51,Available,Five
Zealot: The Life and ...,£24.70,Available,Three
You (You #1),£43.61,Available,Five
"Wonder Woman: Earth One, ...",£37.34,Available,Four
Wild Swans,£14.36,Available,Two
Why the Right Went ...,£52.65,Available,Four
Whole Lotta Creativity Going ...,£38.20,Available,Four
What's It Like in ...,£19.60,Available,Two
"We Are Robin, Vol. ...",£53.90,Available,One
Walt Disney's Alice in ...,£12.96,Available,Five
V for Vendetta (V ...,£37.10,Available,Four
Until Friday Night (The ...,£46.31,Available,Two
Unbroken: A World War ...,£45.95,Available,Two
Twenty Yawns,£22.08,Available,Two
Through the Woods,£25.38,Available,Two
This Is Where It ...,£27.12,Available,Two
The Year of Magical ...,£43.04,Available,Two
The Wright Brothers,£56.80,Available,Four
The White Queen (The ...,£25.91,Available,Five
The Wedding Pact (The ...,£32.61,Available,Three
The Time Keeper,£27.88,Available,Five
The Testament of Mary,£52.67,Available,Four
The Star-Touched Queen,£46.02,Available,Five
The Songs of the ...,£44.48,Available,Five
The Song of Achilles,£37.40,Available,Five
The Rosie Project (Don ...,£54.04,Available,One
The Power of Habit: ...,£16.88,Available,Three
The Marriage of Opposites,£28.08,Available,Four
The Lucifer Effect: Understanding ...,£10.40,Available,One
The Long Haul (Diary ...,£44.07,Available,One
The Loney,£23.40,Available,One
The Literature Book (Big ...,£17.43,Available,Three
The Last Mile (Amos ...,£54.21,Available,Two
The Immortal Life of ...,£40.67,Available,Two
The Hidden Oracle (The ...,£52.26,Available,Two
The Help Yourself Cookbook ...,£28.77,Available,Three
The Guilty (Will Robie ...,£13.82,Available,Two
The First Hostage (J.B. ...,£25.85,Available,Three
The Dovekeepers,£48.78,Available,One
The Darkest Lie,£35.35,Available,Five
The Bane Chronicles (The ...,£44.73,Available,Four
The Bad-Ass Librarians of ...,£15.77,Available,One
The 14th Colony (Cotton ...,£39.24,Available,One
That Darkness (Gardiner and ...,£13.92,Available,One
Tastes Like Fear (DI ...,£10.69,Available,One
Take Me with You,£45.21,Available,Three
Swell: A Year of ...,£45.58,Available,One
Superman Vol. 1: Before ...,£11.89,Available,Five
Still Life with Bread ...,£26.41,Available,Three
Steve Jobs,£39.50,Available,Five
Sorting the Beef from ...,£44.74,Available,Four
Someone Like You (The ...,£52.79,Available,Five
"So Cute It Hurts!!, ...",£35.43,Available,Four
Shtum,£55.84,Available,Four
See America: A Celebration ...,£48.87,Available,Three
salt.,£46.78,Available,Four
Robin War,£47.82,Available,Three
"Red Hood/Arsenal, Vol. 1: ...",£25.48,Available,Two
Rain Fish,£23.57,Available,Three
Quarter Life Poetry: Poems ...,£50.89,Available,Five
Pet Sematary,£10.56,Available,Three
"Overload: How to Unplug, ...",£52.15,Available,Three
Once Was a Time,£18.28,Available,Two
Old School (Diary of ...,£11.83,Available,Five
No Dream Is Too ...,£21.95,Available,Two
"Naruto (3-in-1 Edition), Vol. ...",£38.39,Available,Two
My Name Is Lucy ...,£41.56,Available,One
My Mrs. Brown,£24.48,Available,Three
My Kind of Crazy,£40.36,Available,One
Mr. Mercedes (Bill Hodges ...,£28.90,Available,One
More Than Music (Chasing ...,£37.61,Available,Two
Made to Stick: Why ...,£38.85,Available,Five
Luis Paints the World,£53.95,Available,Three
Luckiest Girl Alive,£49.83,Available,Three
Lowriders to the Center ...,£51.51,Available,Two
Love Is a Mix ...,£18.03,Available,One
Looking for Lovely: Collecting ...,£29.14,Available,Five
Living Leadership by Insight: ...,£46.91,Available,Four
Let It Out: A ...,£26.79,Available,Five
Lady Midnight (The Dark ...,£16.28,Available,Five
"It's All Easy: Healthy, ...",£19.55,Available,One
Island of Dragons (Unwanteds ...,£29.65,Available,One
I Know What I'm ...,£25.98,Available,Four
I Am Pilgrim (Pilgrim ...,£10.60,Available,Four
Hyperbole and a Half: ...,£14.75,Available,Five
"Hush, Hush (Hush, Hush ...",£47.02,Available,Three
Hold Your Breath (Search ...,£28.82,Available,One
Hamilton: The Revolution,£58.79,Available,Three
Greek Mythic History,£10.23,Available,Five
God: The Most Unpleasant ...,£30.03,Available,Five
Glory over Everything: Beyond ...,£45.84,Available,Three
Feathers: Displays of Brilliant ...,£49.05,Available,Three
Far & Away: Places ...,£15.06,Available,Four
Every Last Word,£46.47,Available,Three
Eligible (The Austen Project ...,£27.09,Available,Three
El Deafo,£57.62,Available,Five
Eight Hundred Grapes,£14.39,Available,Four
Eaternity: More than 150 ...,£51.75,Available,Five
"Eat Fat, Get Thin",£54.07,Available,Two
Don't Get Caught,£55.35,Available,One
Doctor Sleep (The Shining ...,£40.12,Available,Two
Demigods & Magicians: Percy ...,£37.51,Available,Five
Dear Mr. Knightley,£11.21,Available,Five
Daily Fantasy Sports,£36.58,Available,One
Crazy Love: Overwhelmed by ...,£47.72,Available,Two
Cometh the Hour (The ...,£25.01,Available,Three
Code Name Verity (Code ...,£22.13,Available,Four
Clockwork Angel (The Infernal ...,£44.14,Available,One
City of Glass (The ...,£56.02,Available,Four
City of Fallen Angels ...,£11.23,Available,Four
City of Bones (The ...,£43.28,Available,One
City of Ashes (The ...,£47.27,Available,One
Cell,£20.29,Available,Four
Catching Jordan (Hundred Oaks),£50.83,Available,Three
"Carry On, Warrior: Thoughts ...",£31.85,Available,Three
Carrie,£46.23,Available,Two
Buying In: The Secret ...,£37.80,Available,Four
Brain on Fire: My ...,£49.32,Available,Five
Batman: Europa,£32.01,Available,Two
Barefoot Contessa Back to ...,£28.01,Available,One
Barefoot Contessa at Home: ...,£50.62,Available,Five
Balloon Animals,£17.03,Available,Three
Art Ops Vol. 1,£48.80,Available,Three
Aristotle and Dante Discover ...,£58.14,Available,Four
Angels Walking (Angels Walking ...,£34.20,Available,Two
Angels & Demons (Robert ...,£51.48,Available,Three
All the Light We ...,£29.87,Available,Five
Adulthood Is a Myth: ...,£10.90,Available,Two
Abstract City,£56.37,Available,Five
A Time of Torment ...,£48.35,Available,Five
A Study in Scarlet ...,£16.73,Available,Two
A Series of Catastrophes ...,£56.48,Available,Two
A People's History of ...,£40.79,Available,Two
A Man Called Ove,£39.72,Available,One
A Distant Mirror: The ...,£14.58,Available,Three
A Brush of Wings ...,£55.51,Available,One
1491: New Revelations of ...,£21.80,Available,Three
"The Three Searches, Meaning, ...",£13.33,Available,Three
Searching for Meaning in ...,£38.73,Available,One
Rook,£37.86,Available,Four
My Kitchen Year: 136 ...,£11.53,Available,Two
13 Hours: The Inside ...,£27.06,Available,One
Will You Won't You ...,£13.86,Available,Three
Tipping Point for Planet ...,£37.55,Available,One
The Star-Touched Queen,£32.30,Available,Five
The Silent Sister (Riley ...,£46.29,Available,Five
